{
  "id": "",
  "name": "",
  "font_family": "iconfont",
  "css_prefix_text": "icon-",
  "description": "",
  "glyphs": [
    {
      "icon_id": "90513",
      "name": "15天无理由退货",
      "font_class": "15tianwuliyoutuihuo",
      "unicode": "e606",
      "unicode_decimal": 58886
    },
    {
      "icon_id": "838048",
      "name": "7天无理由退货",
      "font_class": "7tianwuliyoutuihuo",
      "unicode": "e60e",
      "unicode_decimal": 58894
    },
    {
      "icon_id": "992445",
      "name": "搜索",
      "font_class": "sousuo",
      "unicode": "e647",
      "unicode_decimal": 58951
    },
    {
      "icon_id": "1089338",
      "name": "维修",
      "font_class": "buoumaotubiao46",
      "unicode": "e629",
      "unicode_decimal": 58921
    },
    {
      "icon_id": "10121087",
      "name": "网点查询",
      "font_class": "wangdianchaxun",
      "unicode": "e611",
      "unicode_decimal": 58897
    },
    {
      "icon_id": "12752181",
      "name": "购物车",
      "font_class": "gouwuche_huaban",
      "unicode": "e618",
      "unicode_decimal": 58904
    },
    {
      "icon_id": "15838425",
      "name": "add-circle",
      "font_class": "add-circle",
      "unicode": "e664",
      "unicode_decimal": 58980
    },
    {
      "icon_id": "15838428",
      "name": "arrow-right-circle",
      "font_class": "arrow-right-circle",
      "unicode": "e665",
      "unicode_decimal": 58981
    },
    {
      "icon_id": "18819264",
      "name": "消息",
      "font_class": "xiaoxi",
      "unicode": "e612",
      "unicode_decimal": 58898
    },
    {
      "icon_id": "24106027",
      "name": "礼物",
      "font_class": "liwu",
      "unicode": "e719",
      "unicode_decimal": 59161
    }
  ]
}
